wbs,parent_wbs,name,level,zone,start_date,end_date,required_equipment,allowed_equipment,forbidden_equipment,typical_signature,description
1,,Подготовительные работы,1,Периметр,2026-06-01,2026-06-30,"truck,bulldozer","truck,bulldozer,dump_truck","concrete_mixer,mobile_crane","truck,bulldozer","Организация стройплощадки, ограждение, временные дороги."
1.1,1,Расчистка и планировка территории,2,Периметр,2026-06-01,2026-06-20,"bulldozer,dump_truck","bulldozer,dump_truck,truck,excavator",concrete_mixer,"bulldozer,dump_truck","Срезка растительного слоя, вывоз грунта."
2,,Земляные работы,1,Котлован,2026-07-01,2026-08-15,"excavator,dump_truck","excavator,dump_truck,bulldozer,roller","concrete_mixer,mobile_crane","excavator,dump_truck,bulldozer","Разработка котлована, вывоз грунта, обратная засыпка."
2.1,2,Разработка котлована,2,Котлован,2026-07-01,2026-08-05,"excavator,dump_truck","excavator,dump_truck,bulldozer","concrete_mixer,roller","excavator,dump_truck","Выемка грунта экскаваторами, вывоз самосвалами."
2.2,2,Уплотнение основания,2,Котлован,2026-08-01,2026-08-15,"roller,dump_truck","roller,dump_truck,bulldozer",mobile_crane,"roller,dump_truck,bulldozer",Послойное уплотнение катками.
3,,Устройство фундаментов,1,Котлован,2026-08-16,2026-09-25,"concrete_mixer,excavator","concrete_mixer,excavator,dump_truck,truck,mobile_crane,manipulator_crane",roller,"concrete_mixer,excavator,dump_truck","Опалубка, арматура, бетонирование фундаментной плиты."
3.1,3,Бетонирование фундаментной плиты,2,Котлован,2026-09-01,2026-09-22,concrete_mixer,"concrete_mixer,excavator,truck,mobile_crane,dump_truck","roller,bulldozer","concrete_mixer,truck","Подача смеси миксерами, работа автокрана по арматурным картам."
4,,Возведение каркаса,1,Пятно застройки,2026-09-20,2026-12-20,mobile_crane,"mobile_crane,manipulator_crane,truck,concrete_mixer","roller,bulldozer","mobile_crane,truck,manipulator_crane",Монтаж сборных элементов и вертикальных конструкций.
4.1,4,Монтаж колонн и перекрытий,2,Пятно застройки,2026-09-20,2026-11-30,"mobile_crane,truck","mobile_crane,truck,manipulator_crane,concrete_mixer",roller,"mobile_crane,truck",Автокран + доставка элементов грузовиками.
5,,Кровельные и фасадные работы,1,Пятно застройки,2026-12-01,2027-02-15,manipulator_crane,"manipulator_crane,mobile_crane,truck","excavator,bulldozer,roller","manipulator_crane,truck",Подача материалов на высоту манипулятором.
6,,Благоустройство и дороги,1,Периметр,2027-02-01,2027-03-31,"roller,dump_truck","roller,dump_truck,bulldozer,truck",concrete_mixer,"roller,dump_truck,bulldozer","Основание дорог, асфальтирование, озеленение."
